sample_index,characteristic_physical_gate_error_rate,surface_code_cycle_time,heuristic_surface_code_physical_threshold_order_of_magnitude,naive_serial_time_days,code_distance_d,approximate_data_plane_physical_qubits,logical_qubits_at_n,logical_failure_proxy_union_depth_phenomenological,magic_limited_runtime_multiplier,ecdlp_toffoli_gates_upper_bound
0,0.001001010624512917,1.0750068329943976,0.014224091933979983,0.0008709546100649054,19.0,1160000.0,1450.0,1.0323394846127983e-05,,70000000.0
1,0.0019069658923885208,1.2121252970633238,0.010691856944435783,0.0009820459582688967,21.0,1403600.0,1450.0,1.6768086736609248e-05,,70000000.0
2,0.0012620948924207131,1.6453945547095696,0.009087858362361829,0.001333074292010068,23.0,1670400.0,1450.0,1.1028830114353623e-05,,70000000.0
3,0.0019537292687729106,1.7266090396295812,0.016992290607742492,0.0013988730645147069,17.0,939600.0,1450.0,2.9634711397169625e-05,,70000000.0
4,0.0013380774158161968,1.463560058276173,0.019644439366134876,0.0011857546768441218,17.0,939600.0,1450.0,8.033620155693856e-06,,70000000.0
5,0.0014093542980313223,1.194782460775821,0.009632436026322288,0.0009679950492396699,21.0,1403600.0,1450.0,5.2840945218847165e-05,,70000000.0
6,0.0006014097485962099,1.7422006132773635,0.014545594808518815,0.001411505126497864,19.0,1160000.0,1450.0,8.255686450821651e-06,,70000000.0
7,0.0005155811251539856,1.6496429611314736,0.010195378633031164,0.0013365162879537401,21.0,1403600.0,1450.0,2.8289879270039522e-05,,70000000.0
8,0.0009823978217631407,1.5015511416688885,0.013935378054613711,0.0012165344897780348,19.0,1160000.0,1450.0,1.2673030846809816e-05,,70000000.0
9,0.0008317344610979615,1.0527046235922428,0.01367798143562709,0.0008528856904103819,19.0,1160000.0,1450.0,1.527031320428626e-05,,70000000.0
10,0.001520481716380354,1.2605569952724993,0.01989069583553779,0.0010212846026513304,17.0,939600.0,1450.0,7.18155114351611e-06,,70000000.0
11,0.0017781183067557738,1.3715512579213582,0.016731510763833005,0.0011112105098899895,17.0,939600.0,1450.0,3.406054791999704e-05,,70000000.0
12,0.001466786288587551,0.7893805956065316,0.016602164223987345,0.0006395444640330696,17.0,939600.0,1450.0,3.652461906655783e-05,,70000000.0
13,0.0010764254902422795,1.1582419593208855,0.019353528577169578,0.0009383904763016432,17.0,939600.0,1450.0,9.188119217406845e-06,,70000000.0
14,0.00168504422062688,0.6676381910200387,0.008581510634379454,0.0005409105714282721,23.0,1670400.0,1450.0,2.1943358792630365e-05,,70000000.0
15,0.0017589008596292682,0.5296507275385257,0.019506426596197234,0.0004291151727742685,17.0,939600.0,1450.0,8.559897892517728e-06,,70000000.0
16,0.0008431063675173354,0.8265959923230037,0.011270243944170592,0.0006696958271135446,21.0,1403600.0,1450.0,9.392940331340606e-06,,70000000.0
17,0.0014766540402074287,1.7316456622596608,0.0180826876982035,0.0014029536615529658,17.0,939600.0,1450.0,1.693172508845324e-05,,70000000.0
18,0.0007252176861496004,1.2450209715777378,0.011650935641377126,0.0010086975464171487,21.0,1403600.0,1450.0,6.5177726635765e-06,,70000000.0
19,0.0005255323750185323,0.8987378354840263,0.01861005426119242,0.0007281440796745583,17.0,939600.0,1450.0,1.3071917243385975e-05,,70000000.0
20,0.0016934572084796088,1.5096669272073053,0.014902022483892885,0.0012231097789874002,19.0,1160000.0,1450.0,6.4806102174115195e-06,,70000000.0
21,0.0006154551519225478,1.764232939872686,0.011002032653475522,0.0014293553911005558,21.0,1403600.0,1450.0,1.2242378963316229e-05,,70000000.0
22,0.00081982062236007,0.6060177461542292,0.015984627383303862,0.0004909865998934728,17.0,939600.0,1450.0,5.1374237858532634e-05,,70000000.0
23,0.0014453771347511647,1.0803432789814111,0.01994087452131586,0.0008752781195451247,17.0,939600.0,1450.0,7.020535474361655e-06,,70000000.0
24,0.0018974513435366098,0.5732092228092052,0.00757843446616731,0.000464405620331532,25.0,1960400.0,1450.0,1.2868696297712482e-05,,70000000.0
25,0.0017206400736766608,1.0162394321386645,0.018443920364883678,0.0008233421325197514,17.0,939600.0,1450.0,1.4170621520321201e-05,,70000000.0
26,0.0008531142967457123,1.940145374652875,0.011565456428594191,0.00157187703964932,21.0,1403600.0,1450.0,7.067690116847691e-06,,70000000.0
27,0.001332499308713819,0.5176247025779014,0.00969876080699374,0.00041937186551450347,21.0,1403600.0,1450.0,4.8999235895089584e-05,,70000000.0
28,0.0005433592478720817,0.7148881599143291,0.007756567490304465,0.000579191796226887,25.0,1960400.0,1450.0,9.514009061557457e-06,,70000000.0
29,0.0019621220879953703,1.888995205117719,0.005526528501299025,0.0015304359300722262,29.0,2610000.0,1450.0,2.5543584008813886e-05,,70000000.0
30,0.0007786428675933859,1.1159466573115566,0.007375209413346493,0.0009041234492107519,25.0,1960400.0,1450.0,1.832320382691259e-05,,70000000.0
31,0.001419229771864475,1.4391347340567988,0.0051274598728434624,0.00116596564101824,31.0,2969600.0,1450.0,1.5333161840279e-05,,70000000.0
32,0.0005957517357376719,0.8762584185752585,0.017795543562041816,0.0007099315891234733,17.0,939600.0,1450.0,1.9555400838449145e-05,,70000000.0
33,0.0007756094423896647,0.7408589965353417,0.005961447588073331,0.0006002329833040963,27.0,2273600.0,1450.0,4.8881421093810397e-05,,70000000.0
34,0.0016547354057977557,0.913310740622432,0.01565192588191231,0.0007399508315228037,17.0,939600.0,1450.0,6.20808994147467e-05,,70000000.0
35,0.0010198396793329604,0.760080104651378,0.009496862962865442,0.0006158056403425516,21.0,1403600.0,1450.0,6.175699561484478e-05,,70000000.0
36,0.0009604749083113747,0.857862610287871,0.01513069973583823,0.0006950275777795251,19.0,1160000.0,1450.0,5.565163335201037e-06,,70000000.0
37,0.0019676796081194974,1.104704317967008,0.017607642597908445,0.0008950150724269741,17.0,939600.0,1450.0,2.1515781038087558e-05,,70000000.0
38,0.0007457936066371342,0.9488771992931659,0.006620030871111264,0.0007687662494273335,27.0,2273600.0,1450.0,1.1272697131147642e-05,,70000000.0
39,0.001790907912988005,0.79987883263636,0.017883697650977075,0.0006480499801451991,17.0,939600.0,1450.0,1.8704761468453626e-05,,70000000.0
40,0.0017851040282398133,0.8332128350992605,0.015077792815716355,0.0006750566951035675,19.0,1160000.0,1450.0,5.763553524411299e-06,,70000000.0
41,0.0009537947059225781,1.9350592338114596,0.011963718172024967,0.0015677563236898401,19.0,1160000.0,1450.0,5.826480614288427e-05,,70000000.0
42,0.0005811674818856754,0.53079154152983,0.011147059067541093,0.00043003944336907524,21.0,1403600.0,1450.0,1.0599971988312221e-05,,70000000.0
43,0.0015847668882957608,1.9312153048325185,0.019078048148277956,0.0015646420293781978,17.0,939600.0,1450.0,1.0453520609598535e-05,,70000000.0
44,0.0017032661535875578,0.7230034647801005,0.007322410529842856,0.0005857666960023962,25.0,1960400.0,1450.0,2.0117086526018766e-05,,70000000.0
45,0.0008920256179729054,1.6760614941410505,0.01276536296798362,0.0013579201920124251,19.0,1160000.0,1450.0,3.0460453486327896e-05,,70000000.0
46,0.001441126231279124,0.8107668086975292,0.015029826966072883,0.0006568712570466092,19.0,1160000.0,1450.0,5.95015442580649e-06,,70000000.0
47,0.0012970129665353693,1.233887848700145,0.008287304826416795,0.0009996776551968768,23.0,1670400.0,1450.0,3.335095560890473e-05,,70000000.0
48,0.0010481499717354176,1.9166122338800207,0.012218289757939321,0.001552810837634276,19.0,1160000.0,1450.0,4.720237401977696e-05,,70000000.0
49,0.0013509853134995244,1.5695774877817288,0.018378424197809617,0.0012716484276009377,17.0,939600.0,1450.0,1.4631660037988662e-05,,70000000.0
50,0.0012877152499832757,1.4513821462723433,0.007188637989286827,0.00117588831295213,25.0,1960400.0,1450.0,2.5565957757917134e-05,,70000000.0
51,0.001214090898876348,1.0009837426762107,0.006525525413237321,0.0008109821989274854,27.0,2273600.0,1450.0,1.3786411890504464e-05,,70000000.0
52,0.0012791023998481865,1.9827588781274916,0.012145720143181713,0.0016064018688532918,19.0,1160000.0,1450.0,5.009972519819511e-05,,70000000.0
53,0.00158757613335829,0.8446104693333276,0.01295642097214685,0.0006842908895061682,19.0,1160000.0,1450.0,2.6255333573186595e-05,,70000000.0
54,0.0008279005599807816,1.088664333851366,0.014656862349011184,0.0008820197149258752,19.0,1160000.0,1450.0,7.649938658110316e-06,,70000000.0
55,0.000505179570045849,1.5773442717480572,0.008786811600130895,0.0012779409609069909,23.0,1670400.0,1450.0,1.6523128026438434e-05,,70000000.0
56,0.0017134469965109924,1.85819790012916,0.01679161973003544,0.0015054844098268659,17.0,939600.0,1450.0,3.2978790976732844e-05,,70000000.0
57,0.001945188403664714,1.0647965452259758,0.013893616668899926,0.0008626823861784526,19.0,1160000.0,1450.0,1.3059150324931092e-05,,70000000.0
58,0.0006235494536656964,1.2539819144835933,0.006381912785952891,0.0010159575696047632,27.0,2273600.0,1450.0,1.8825908156333585e-05,,70000000.0
59,0.001105594515775352,1.2374809347289695,0.018327714120663932,0.0010025887202665261,17.0,939600.0,1450.0,1.5000071395055878e-05,,70000000.0
60,0.0012670318732023215,1.161885527571507,0.01520904919135642,0.000941342441319508,19.0,1160000.0,1450.0,5.285029293081677e-06,,70000000.0
61,0.0007864443822008864,0.8158966605594128,0.01899018979740378,0.000661027387027302,17.0,939600.0,1450.0,1.089693339866282e-05,,70000000.0
62,0.0016757164220711307,0.6963886238182825,0.014316228847990897,0.0005642037461490714,19.0,1160000.0,1450.0,9.677913223482726e-06,,70000000.0
63,0.0018236314894040952,1.045434387508198,0.010473245526716229,0.00084699545284229,21.0,1403600.0,1450.0,2.1046210520787907e-05,,70000000.0
64,0.0015164347765183144,1.8446224902745623,0.012432539458106807,0.0014944858138798537,19.0,1160000.0,1450.0,3.967067423746751e-05,,70000000.0
65,0.001086455881835683,0.734206123726119,0.013338458115776405,0.0005948429243151427,19.0,1160000.0,1450.0,1.9634133989387455e-05,,70000000.0
66,0.0013626061127544205,1.8315060131695073,0.008620573349508746,0.0014838590384475174,23.0,1670400.0,1450.0,2.0779458538844084e-05,,70000000.0
67,0.0006498072119832706,1.2991501922509896,0.017127306304468265,0.001052552239092237,17.0,939600.0,1450.0,2.759729156702808e-05,,70000000.0
68,0.0006059470961971881,1.909013458979472,0.017936815902089284,0.0015466544227842945,17.0,939600.0,1450.0,1.821209420330316e-05,,70000000.0
69,0.0018340453980124891,1.4193054816471975,0.006235204770869788,0.001149900274482683,27.0,2273600.0,1450.0,2.6071015861735145e-05,,70000000.0
70,0.00159830351598602,1.7538827275279256,0.01940385325378877,0.0014209698023953101,17.0,939600.0,1450.0,8.975862906646038e-06,,70000000.0
71,0.0018495579769757606,0.6760829689044926,0.017736658673397455,0.0005477524053624361,17.0,939600.0,1450.0,2.0147527999378193e-05,,70000000.0
72,0.0009905053058168896,0.5755556162769172,0.0155472084280214,0.00046630663355768753,17.0,939600.0,1450.0,6.594718422604056e-05,,70000000.0
73,0.001130402068057194,0.9886189818835525,0.016517212969781342,0.0008009644529149151,17.0,939600.0,1450.0,3.825050097408638e-05,,70000000.0
74,0.0017397787663388168,1.1149543859203266,0.00890888386716586,0.0009033195256298943,23.0,1670400.0,1450.0,1.4001948380881575e-05,,70000000.0
75,0.0008507333258399465,0.6545473823843222,0.016684305562238252,0.0005303045922095202,17.0,939600.0,1450.0,3.493774162238515e-05,,70000000.0
76,0.0012816926535279877,1.0064192940134766,0.019808788584866652,0.0008153860020942518,17.0,939600.0,1450.0,7.453268940685223e-06,,70000000.0
77,0.001095820407530145,0.9864512499936963,0.018199252344535007,0.0007992081886523001,17.0,939600.0,1450.0,1.5980343967940037e-05,,70000000.0
78,0.0009072903518323952,1.352157704908041,0.006170722318418385,0.0010954981405504962,27.0,2273600.0,1450.0,3.0155323580205875e-05,,70000000.0
79,0.001975550669791134,1.1446069265024403,0.012590584092936766,0.0009273435747126252,19.0,1160000.0,1450.0,3.496304619089739e-05,,70000000.0
80,0.0011390826889647904,1.4049532110289402,0.010936779282003567,0.0011382722774540023,21.0,1403600.0,1450.0,1.30702568088626e-05,,70000000.0
81,0.0013863036016124482,1.5805629865167587,0.013700200679195217,0.0012805487159279296,19.0,1160000.0,1450.0,1.502445603829053e-05,,70000000.0
82,0.0013208787777846329,0.8044535839633967,0.005621844446677327,0.0006517563758962705,29.0,2610000.0,1450.0,1.9764492764700696e-05,,70000000.0
83,0.0014992360717591704,1.5478021687240928,0.019602724066857025,0.0012540063866977604,17.0,939600.0,1450.0,8.188798863405608e-06,,70000000.0
84,0.0015684052349480527,1.472655386900534,0.00851929332833619,0.0011931235773499698,23.0,1670400.0,1450.0,2.39455702334128e-05,,70000000.0
85,0.0007534087101998505,1.0596879350537316,0.006924588728214003,0.0008585434659000139,25.0,1960400.0,1450.0,4.1585913534121934e-05,,70000000.0
86,0.0006420025134383415,1.5906885422457815,0.01614084217840329,0.0012887522911713507,17.0,939600.0,1450.0,4.7068713099145966e-05,,70000000.0
87,0.0015548572604255186,1.3843130858390946,0.015336997336973756,0.0011215499538048221,19.0,1160000.0,1450.0,4.8603173011256496e-06,,70000000.0
88,0.0014230355737764188,0.7787444209191554,0.009973070885946069,0.0006309271928743158,21.0,1403600.0,1450.0,3.605371982051467e-05,,70000000.0
89,0.001818117182915522,1.6217690528698931,0.019271645794122938,0.0013139332604269968,17.0,939600.0,1450.0,9.54550260192997e-06,,70000000.0
90,0.0009734326524363104,1.4576650849340909,0.014802480026373178,0.0011809786567753052,19.0,1160000.0,1450.0,6.9298399909731465e-06,,70000000.0
91,0.0011295700718055802,1.4262535413283843,0.01688703464145088,0.0011555294895021634,17.0,939600.0,1450.0,3.13391704052417e-05,,70000000.0
92,0.0016106033138892448,1.1827989558813772,0.005407402149812059,0.0009582861911075972,29.0,2610000.0,1450.0,3.5419139337810374e-05,,70000000.0
93,0.0012524174118751872,1.91937775926809,0.017531849516497323,0.0015550514253329433,17.0,939600.0,1450.0,2.2367550988224262e-05,,70000000.0
94,0.0016697143332664462,1.4812696896042965,0.006843139933191495,0.0012001027577812587,25.0,1960400.0,1450.0,4.850065161562513e-05,,70000000.0
95,0.0010471308970835477,1.204996793126581,0.010525421118822743,0.0009762705499868133,21.0,1403600.0,1450.0,1.9926625330887615e-05,,70000000.0
96,0.0007045213326947529,1.1678017375485845,0.01488172016228094,0.0009461356669953811,19.0,1160000.0,1450.0,6.569566405175126e-06,,70000000.0
97,0.0018835287561743872,1.7048863211707526,0.013618705459094507,0.0013812736398374154,19.0,1160000.0,1450.0,1.5948130190845372e-05,,70000000.0
98,0.0013413611686041735,0.7743899721895839,0.014122608853959058,0.0006273992830239685,19.0,1160000.0,1450.0,1.1089672880809175e-05,,70000000.0
99,0.0008861879435164326,1.7681843180472037,0.010801097079222098,0.001432556739158614,21.0,1403600.0,1450.0,1.4994137183081696e-05,,70000000.0
100,0.001807499812952488,1.690026001321409,0.016089329982080024,0.0013692340288483638,17.0,939600.0,1450.0,4.8442485106631976e-05,,70000000.0
101,0.0005324735274768423,1.5252025525548758,0.015821616334652108,0.0012356965124865893,17.0,939600.0,1450.0,5.633916476025397e-05,,70000000.0
102,0.0007245889515467241,0.5061017452605348,0.012541257245672885,0.0004100361362064518,19.0,1160000.0,1450.0,3.6362797103011284e-05,,70000000.0
103,0.001875911194314513,1.5148588786787762,0.0173242455339707,0.0012273162211517863,17.0,939600.0,1450.0,2.4898837550926533e-05,,70000000.0
104,0.0012497763854510643,1.3355313129275057,0.01448859471892468,0.0010820276840847849,19.0,1160000.0,1450.0,8.586287005037826e-06,,70000000.0
105,0.001242410894110863,0.5574324528986234,0.00916569451957679,0.0004516235150799032,23.0,1670400.0,1450.0,9.955968183369826e-06,,70000000.0
106,0.001485599356780995,1.9564068690604588,0.010727133451936375,0.0015850518615073163,21.0,1403600.0,1450.0,1.61713964959455e-05,,70000000.0
107,0.0014356733236554169,1.6971905655660875,0.019756999290204573,0.0013750386526577096,17.0,939600.0,1450.0,7.630960159198581e-06,,70000000.0
108,0.001986526686787627,0.96161914729314,0.005369575457063334,0.0007790895869273125,29.0,2610000.0,1450.0,3.9352180158712444e-05,,70000000.0
109,0.001508285870713043,1.6602368752184165,0.018809106956252195,0.001345099320200106,17.0,939600.0,1450.0,1.187830466055161e-05,,70000000.0
110,0.0018422986011186627,0.8945665375031148,0.010567947309674574,0.0007247645558474309,21.0,1403600.0,1450.0,1.9062111795754445e-05,,70000000.0
111,0.0014011878362285392,0.66163129255252,0.0066914188556790296,0.0005360438712809768,25.0,1960400.0,1450.0,6.491293394831368e-05,,70000000.0
112,0.0007556990690096115,1.887441928545464,0.01916846974088631,0.0015291774884048897,17.0,939600.0,1450.0,1.0018000562565526e-05,,70000000.0
113,0.000863460859206341,1.9708809961181717,0.013462410738032667,0.0015967785848179632,19.0,1160000.0,1450.0,1.7899449603616736e-05,,70000000.0
114,0.0017712378162853038,1.2253745249449384,0.006088165401130214,0.0009927802864137232,27.0,2273600.0,1450.0,3.6413116180392e-05,,70000000.0
115,0.0015370506867253496,0.5887604295918252,0.005298518347445254,0.0004770049776785621,29.0,2610000.0,1450.0,4.80564191002422e-05,,70000000.0
116,0.0016193279817955635,1.8016344880766035,0.008178768950993535,0.0014596575713583593,23.0,1670400.0,1450.0,3.9067243464556665e-05,,70000000.0
117,0.0014969140111244865,1.3063118066869468,0.015940949469135986,0.0010583544730102578,17.0,939600.0,1450.0,5.2655092282390554e-05,,70000000.0
118,0.0014589802020082143,1.0195718555211655,0.013084250463650231,0.0008260420125750183,19.0,1160000.0,1450.0,2.380014235742887e-05,,70000000.0
119,0.0006606120681766351,1.129506862952619,0.011488080325685723,0.0009151097269292052,21.0,1403600.0,1450.0,7.60932170475684e-06,,70000000.0
120,0.0011136541210488918,0.5471212923746213,0.015372391688732882,0.00044326956558129034,19.0,1160000.0,1450.0,4.74956271603369e-06,,70000000.0
121,0.001081902032918106,0.59749176749922,0.009911723025999178,0.0004840789782979791,21.0,1403600.0,1450.0,3.858578241628052e-05,,70000000.0
122,0.0005686144656378709,1.029039354332779,0.011175884295626977,0.0008337124398529459,21.0,1403600.0,1450.0,1.0303082535666272e-05,,70000000.0
123,0.0011191393806280312,1.32157572547219,0.008334150846264987,0.0010707210738779317,23.0,1670400.0,1450.0,3.1169638285523197e-05,,70000000.0
124,0.0017324133301267178,1.6114148928028031,0.007677312382071543,0.0013055444733356045,25.0,1960400.0,1450.0,1.0872972478378661e-05,,70000000.0
125,0.0013967884823148867,1.5517517183454343,0.012408165835632444,0.001257206253289125,19.0,1160000.0,1450.0,4.0456858105577074e-05,,70000000.0
126,0.00116782735474323,1.8105852886367388,0.014277892091076874,0.0014669093773677284,19.0,1160000.0,1450.0,9.94093172280829e-06,,70000000.0
127,0.0010160855667692365,0.6453955906436823,0.00632477666221134,0.0005228899461233537,27.0,2273600.0,1450.0,2.135184073542608e-05,,70000000.0
128,0.0009036556066378217,1.5348561360399484,0.010362149648721232,0.0012435177028101434,21.0,1403600.0,1450.0,2.366571249602545e-05,,70000000.0
129,0.0011752776470850919,1.3887671836259974,0.011344263532198216,0.0011251585978451367,21.0,1403600.0,1450.0,8.740346891321257e-06,,70000000.0
130,0.0012115227523502164,1.7215564278054072,0.012683022965732801,0.0013947795132682698,19.0,1160000.0,1450.0,3.2496774429748934e-05,,70000000.0
131,0.0008114446331510568,0.8484269605585568,0.008729183287067798,0.0006873829541562382,23.0,1670400.0,1450.0,1.788070731882823e-05,,70000000.0
132,0.0012005748396480976,1.682410859948208,0.016261577091407867,0.0013630643541247055,17.0,939600.0,1450.0,4.401534225939064e-05,,70000000.0
133,0.0013735211795073857,0.7697690272293065,0.009300392092553856,0.0006236554618755956,23.0,1670400.0,1450.0,8.357048941099435e-06,,70000000.0
134,0.001997695284489402,1.3598737748943446,0.009413882396926303,0.0011017495861412514,21.0,1403600.0,1450.0,6.801607868458995e-05,,70000000.0
135,0.001683892560024244,1.6389450663812621,0.017403500704814195,0.0013278490121144486,17.0,939600.0,1450.0,2.389673171300547e-05,,70000000.0
136,0.0006898749586545004,0.8728903806891722,0.011731955135700077,0.0007072028547250238,21.0,1403600.0,1450.0,6.039398901036676e-06,,70000000.0
137,0.001856542872630489,1.8727692432487828,0.013780131556038615,0.0015172898961506342,19.0,1160000.0,1450.0,1.4175370122407133e-05,,70000000.0
138,0.0016072337076264097,0.7094069682408521,0.008899806944221716,0.0005747510159358755,23.0,1670400.0,1450.0,1.4174280165028182e-05,,70000000.0
139,0.0010606007477505343,1.8532547860394233,0.00920738323447874,0.001501479572022681,23.0,1670400.0,1450.0,9.428300258909884e-06,,70000000.0
140,0.000939753108715856,1.2790443442445532,0.014033275891374626,0.001036262778901837,19.0,1160000.0,1450.0,1.1816188485472955e-05,,70000000.0
141,0.0016452050087209492,1.7817756804653786,0.01797844932265079,0.001443568259636302,17.0,939600.0,1450.0,1.783602088349264e-05,,70000000.0
142,0.0006334710759887167,0.689700258319739,0.012303113081733149,0.0005587849315090478,19.0,1160000.0,1450.0,4.404715744537718e-05,,70000000.0
143,0.0008685917734677455,0.6014837473861157,0.007067444604643695,0.0004873132212618993,25.0,1960400.0,1450.0,3.1890158197887056e-05,,70000000.0
144,0.001195943896054107,1.3937748773680108,0.0080059226262995,0.0011292157571268606,23.0,1670400.0,1450.0,5.0481398995722705e-05,,70000000.0
145,0.0010690312969898364,1.2921478277640308,0.010118062234389224,0.0010468790271236361,21.0,1403600.0,1450.0,3.076077226966031e-05,,70000000.0
146,0.0015643462176201767,1.311073382900964,0.017034586243501623,0.0010622122315169847,17.0,939600.0,1450.0,2.8979023033261914e-05,,70000000.0
147,0.0006519048300456015,1.1769149503111935,0.016325704807359114,0.0009535190569650874,17.0,939600.0,1450.0,4.248352929710884e-05,,70000000.0
148,0.0012260347480773136,1.3317590706769917,0.019225820816427427,0.0010789714692984887,17.0,939600.0,1450.0,9.752232144803715e-06,,70000000.0
149,0.0007336848171655384,1.8158129733770287,0.01642591742183323,0.0014711447700971297,17.0,939600.0,1450.0,4.020696833346469e-05,,70000000.0
150,0.0015319067877884482,0.6847920402677,0.005481823170384568,0.0005548083659576273,29.0,2610000.0,1450.0,2.885311530892081e-05,,70000000.0
151,0.0013793757366830578,0.8663397794385694,0.012889941274933168,0.0007018956546377298,19.0,1160000.0,1450.0,2.764131223300795e-05,,70000000.0
152,0.0005853851993672551,1.283624060457944,0.008392790427644568,0.0010399731971302787,23.0,1670400.0,1450.0,2.8654411940419907e-05,,70000000.0
153,0.0010067894201926304,1.6668110894763397,0.018949451903272015,0.0013504256511961085,17.0,939600.0,1450.0,1.110959349889954e-05,,70000000.0
154,0.0011622142306541244,0.9723345836343263,0.00954936723619465,0.0007877710747037366,21.0,1403600.0,1450.0,5.8122929806593715e-05,,70000000.0
155,0.0011845586028513366,1.4117444676271678,0.007976434961955051,0.0011437744529386776,23.0,1670400.0,1450.0,5.2766963531849084e-05,,70000000.0
156,0.00068558501630874,1.60286783188082,0.012845480486980735,0.0012986197711997384,19.0,1160000.0,1450.0,2.861307326126418e-05,,70000000.0
157,0.001231225454648929,1.601781164681703,0.01867146456135944,0.0012977393695337873,17.0,939600.0,1450.0,1.2690028053534195e-05,,70000000.0
158,0.001870991450896307,0.7520529874862321,0.01177642407168765,0.0006093021889356047,19.0,1160000.0,1450.0,6.822345057493023e-05,,70000000.0
159,0.0019297746340850442,1.9896566837234773,0.007000832334396752,0.0016119903687574469,25.0,1960400.0,1450.0,3.6068015476049113e-05,,70000000.0
160,0.0011504069628250305,1.9974438615523755,0.009787875283772188,0.0016182994248688228,21.0,1403600.0,1450.0,4.430934678444528e-05,,70000000.0
161,0.0018622118607776517,1.4367755277805472,0.009023475545666789,0.0011640542470444247,23.0,1670400.0,1450.0,1.2011075474082995e-05,,70000000.0
162,0.0007948169966296448,1.035806173926221,0.011868468035402629,0.0008391948168383736,19.0,1160000.0,1450.0,6.311337425201937e-05,,70000000.0
163,0.0017654926982595444,0.9506760003180966,0.017472133283872187,0.0007702236113688283,17.0,939600.0,1450.0,2.3065062639384538e-05,,70000000.0
164,0.0011581061064870376,1.4838173005283322,0.011984911984831008,0.0012021667944095283,19.0,1160000.0,1450.0,5.72426267416615e-05,,70000000.0
165,0.0018915455581923833,1.7972861718590851,0.010889813928027708,0.0014561346299784255,21.0,1403600.0,1450.0,1.3703862550959366e-05,,70000000.0
166,0.0008068511523086128,1.1362285446467555,0.005769272756342245,0.0009205555338573251,29.0,2610000.0,1450.0,1.340454163085655e-05,,70000000.0
167,0.0005136851735940681,0.5636138587240531,0.007460486637034533,0.00045663159850328376,25.0,1960400.0,1450.0,1.5779564239060476e-05,,70000000.0
168,0.0010380991951303778,0.6300403644035141,0.01325863772805873,0.0005104493693084026,19.0,1160000.0,1450.0,2.084870099755496e-05,,70000000.0
169,0.0016322216996965165,1.963555677612544,0.007847487515709706,0.0015908437202879406,23.0,1670400.0,1450.0,6.416533155938834e-05,,70000000.0
170,0.0013614510544767411,0.6179316253405664,0.01879849566820864,0.0005006390483083293,17.0,939600.0,1450.0,1.1938786188608908e-05,,70000000.0
171,0.0009272545231047502,1.7135344073301544,0.016202433128705417,0.0013882801911239675,17.0,939600.0,1450.0,4.548266514821719e-05,,70000000.0
172,0.0013084301147644171,0.6351043899132568,0.012090242923120179,0.000514552167753796,19.0,1160000.0,1450.0,5.244665255727107e-05,,70000000.0
173,0.001935910895208004,0.5125462128640531,0.005725425559801327,0.00041525734838522826,29.0,2610000.0,1450.0,1.5029739632263796e-05,,70000000.0
174,0.0017493842006873913,0.9261681297592007,0.015495521891883465,0.0007503676977215746,17.0,939600.0,1450.0,6.795355360563549e-05,,70000000.0
175,0.0008758125957664942,1.836753664266587,0.007851876848723486,0.001488110607623392,23.0,1670400.0,1450.0,6.37362183362243e-05,,70000000.0
176,0.0015791317613391114,0.9392105553668741,0.01826864419315573,0.0007609344777277916,17.0,939600.0,1450.0,1.5442271641930814e-05,,70000000.0
177,0.001979160254000555,1.5579741278087014,0.006486789151354284,0.0012622475572524202,27.0,2273600.0,1450.0,1.4984805158110683e-05,,70000000.0
178,0.001661820407288209,1.6272664263089693,0.007130622189184656,0.0013183871509447667,25.0,1960400.0,1450.0,2.8406092877406377e-05,,70000000.0
179,0.0014685483275938042,0.5445969614966145,0.0051728273438267,0.0004412243901014238,29.0,2610000.0,1450.0,6.888874924560861e-05,,70000000.0
180,0.0009461946846423366,1.1457289399896637,0.015791544448139638,0.0009282526134175515,17.0,939600.0,1450.0,5.731213417276169e-05,,70000000.0
181,0.0009135174803652975,0.6234023281766666,0.013225286466413763,0.0005050713306986882,19.0,1160000.0,1450.0,2.138046596004245e-05,,70000000.0
182,0.0006780735509114239,0.9345948056433457,0.018531434506506104,0.0007571948656832663,17.0,939600.0,1450.0,1.3579591090647267e-05,,70000000.0
183,0.0005580670176107399,0.9736589217680737,0.015606116339557758,0.0007888440338398745,17.0,939600.0,1450.0,6.374035575070386e-05,,70000000.0
184,0.0005607426622603291,0.728670102783422,0.013505608691427329,0.0005903577221624947,19.0,1160000.0,1450.0,1.733510275162765e-05,,70000000.0
185,0.001317136411440358,1.3627453721514127,0.008102789746905082,0.0011040761116967463,23.0,1670400.0,1450.0,4.369715938969429e-05,,70000000.0
186,0.0016358253731454553,1.4971291637738857,0.010089158764497947,0.001212951868798287,21.0,1403600.0,1450.0,3.1744137091209844e-05,,70000000.0
187,0.000665745159684546,1.3451426019911095,0.01726583493961116,0.001089814608094649,17.0,939600.0,1450.0,2.5667276051628395e-05,,70000000.0
188,0.0015498338189708903,1.2151900538090923,0.007504860473205828,0.0009845289787805147,25.0,1960400.0,1450.0,1.4608780117641574e-05,,70000000.0
189,0.001798923564216208,1.7459161978931543,0.011438602489134777,0.0014145154381078797,21.0,1403600.0,1450.0,7.979311116535249e-06,,70000000.0
190,0.0006984103802642788,1.787470765535465,0.005048127835042492,0.0014481823331884552,31.0,2969600.0,1450.0,1.9678071685175503e-05,,70000000.0
191,0.0019144785946963966,1.2651601809105228,0.005884009594284097,0.0010250140354599144,27.0,2273600.0,1450.0,5.870036929785906e-05,,70000000.0
192,0.0007643267667287302,1.0934444291398104,0.010292343348193097,0.0008858924773123463,21.0,1403600.0,1450.0,2.549242334708771e-05,,70000000.0
193,0.0009280145761461827,1.8707386803191643,0.013115536802776,0.001515644764147471,19.0,1160000.0,1450.0,2.3238459777880736e-05,,70000000.0
194,0.0009666196351393901,0.8890227157007716,0.017174641966507417,0.000720273033553866,17.0,939600.0,1450.0,2.6920232978296353e-05,,70000000.0
195,0.0010261066563495608,1.826753982767238,0.0067252126663610015,0.0014800090138160494,25.0,1960400.0,1450.0,6.0798064666478406e-05,,70000000.0
196,0.0019239380459478515,1.8960851598524038,0.005984749409858258,0.0015361801063619013,27.0,2273600.0,1450.0,4.6283314877492614e-05,,70000000.0
197,0.000546879906475461,1.9488087284067606,0.009849579323194798,0.0015788959605147366,21.0,1403600.0,1450.0,4.13498121605503e-05,,70000000.0
198,0.0007101933511233965,1.5351114524542302,0.014434248849817605,0.0012437245563865292,19.0,1160000.0,1450.0,8.915098803610596e-06,,70000000.0
199,0.0017242844870456785,0.9074282859647151,0.014688068465105463,0.000735184953906598,19.0,1160000.0,1450.0,7.4889539842123755e-06,,70000000.0
